<Defs>
	<ThingDef ParentName="PlantBase">
		<defName>VV_BlackcurrantBush</defName>
		<label>blackcurrant bush</label>
		<description>A small, hardy shrub that produces clusters of dark purple-black berries. Blackcurrant bushes thrive in cool, temperate climates and prefer moist, well-drained soil.</description>
		<graphicData>
			<texPath>Things/Plants/Bushes/VV_BlackcurrantBush</texPath>
			<graphicClass>Graphic_Single</graphicClass>
		</graphicData>
		<selectable>true</selectable>
		<neverMultiSelect>False</neverMultiSelect>
		<statBases>
			<Beauty>1</Beauty>
			<BeautyOutdoors>1</BeautyOutdoors>
			<MaxHitPoints>100</MaxHitPoints>
			<Nutrition>0.75</Nutrition>
		</statBases>
		<ingestible/>
		<plant>
			<dieIfLeafless>false</dieIfLeafless>
			<growDays>10</growDays>
			<visualSizeRange>0.8~1.5</visualSizeRange>
			<sowMinSkill>4</sowMinSkill>
			<sowTags>
				<li>Ground</li>
			</sowTags>
			<fertilityMin>0.6</fertilityMin>
			<topWindExposure>0.05</topWindExposure>
			<mustBeWildToSow>true</mustBeWildToSow>
			<immatureGraphicPath>Things/Plants/ImmatureBushes/VV_BlackcurrantBush</immatureGraphicPath>
			<leaflessGraphicPath>Things/Plants/LeaflessBushes/VV_BlackcurrantBush</leaflessGraphicPath>
			<harvestWork>400</harvestWork>
			<harvestTag>Standard</harvestTag>
			<harvestYield>12</harvestYield>
			<harvestedThingDef>VV_Blackcurrants</harvestedThingDef>
			<harvestFailable>true</harvestFailable>
			<harvestAfterGrowth>0.20</harvestAfterGrowth>
		</plant>
	</ThingDef>
	<ThingDef ParentName="PlantBase">
		<defName>VV_RosehipBush</defName>
		<label>rosehip bush</label>
		<description>A small, thorny shrub that produces bright red, tangy fruit. Rosehip bushes thrive in temperate climates and are valued for their nutritious, vitamin-rich berries.</description>
		<graphicData>
			<texPath>Things/Plants/Bushes/VV_RosehipBush</texPath>
			<graphicClass>Graphic_Single</graphicClass>
		</graphicData>
		<selectable>true</selectable>
		<neverMultiSelect>False</neverMultiSelect>
		<statBases>
			<Beauty>1</Beauty>
			<BeautyOutdoors>1</BeautyOutdoors>
			<MaxHitPoints>140</MaxHitPoints>
			<Nutrition>0.5</Nutrition>
		</statBases>
		<ingestible/>
		<plant>
			<dieIfLeafless>false</dieIfLeafless>
			<growDays>14</growDays>
			<visualSizeRange>0.8~1.5</visualSizeRange>
			<sowMinSkill>5</sowMinSkill>
			<sowTags>
				<li>Ground</li>
			</sowTags>
			<fertilityMin>0.5</fertilityMin>
			<topWindExposure>0.05</topWindExposure>
			<mustBeWildToSow>true</mustBeWildToSow>
			<immatureGraphicPath>Things/Plants/ImmatureBushes/VV_RosehipBush</immatureGraphicPath>
			<leaflessGraphicPath>Things/Plants/LeaflessBushes/VV_RosehipBush</leaflessGraphicPath>
			<harvestWork>500</harvestWork>
			<harvestTag>Standard</harvestTag>
			<harvestYield>14</harvestYield>
			<harvestedThingDef>VV_Rosehips</harvestedThingDef>
			<harvestFailable>true</harvestFailable>
			<harvestAfterGrowth>0.20</harvestAfterGrowth>
		</plant>
	</ThingDef>
	<ThingDef ParentName="PlantBase">
		<defName>VV_BlackberryBush</defName>
		<label>blackberry bush</label>
		<description>A thorny shrub that produces clusters of dark, sweet berries. Blackberry bushes thrive in temperate climates and require plenty of sunlight and well-drained soil.</description>
		<graphicData>
			<texPath>Things/Plants/Bushes/VV_BlackberryBush</texPath>
			<graphicClass>Graphic_Single</graphicClass>
		</graphicData>
		<selectable>true</selectable>
		<neverMultiSelect>False</neverMultiSelect>
		<statBases>
			<Beauty>1</Beauty>
			<BeautyOutdoors>1</BeautyOutdoors>
			<MaxHitPoints>130</MaxHitPoints>
			<Nutrition>0.45</Nutrition>
		</statBases>
		<ingestible/>
		<plant>
			<dieIfLeafless>false</dieIfLeafless>
			<growDays>11</growDays>
			<visualSizeRange>0.8~1.5</visualSizeRange>
			<sowMinSkill>4</sowMinSkill>
			<sowTags>
				<li>Ground</li>
			</sowTags>
			<fertilityMin>0.6</fertilityMin>
			<topWindExposure>0.05</topWindExposure>
			<mustBeWildToSow>true</mustBeWildToSow>
			<immatureGraphicPath>Things/Plants/ImmatureBushes/VV_BlackberryBush</immatureGraphicPath>
			<leaflessGraphicPath>Things/Plants/LeaflessBushes/VV_BlackberryBush</leaflessGraphicPath>
			<harvestWork>450</harvestWork>
			<harvestTag>Standard</harvestTag>
			<harvestYield>14</harvestYield>
			<harvestedThingDef>VV_Blackberries</harvestedThingDef>
			<harvestFailable>true</harvestFailable>
			<harvestAfterGrowth>0.20</harvestAfterGrowth>
		</plant>
	</ThingDef>
</Defs>