<Defs>
	<ThingDef ParentName="PlantBase">
		<defName>VV_MilletPlant</defName>
		<label>millet plant</label>
		<description>A hardy, drought-resistant plant that grows in a variety of conditions. Its small, sturdy seeds are a great source of nutrition and can thrive in poor soil.</description>
		<statBases>
			<MaxHitPoints>85</MaxHitPoints>
			<Nutrition>0.18</Nutrition>
		</statBases>
		<graphicData>
			<texPath>Things/Plants/Crops/VV_MilletPlant</texPath>
			<graphicClass>Graphic_Single</graphicClass>
		</graphicData>
		<selectable>true</selectable>
		<pathCost>14</pathCost>
		<ingestible/>
		<plant>
			<fertilityMin>0.7</fertilityMin>
			<dieIfLeafless>true</dieIfLeafless>
			<harvestTag>Standard</harvestTag>
			<harvestedThingDef>VV_MilletGrain</harvestedThingDef>
			<harvestYield>10</harvestYield>
			<sowTags>
				<li>Ground</li>
				<li>Hydroponic</li>
			</sowTags>
			<topWindExposure>0.1</topWindExposure>
			<growDays>4</growDays>
			<immatureGraphicPath>Things/Plants/ImmatureCrops/VV_MilletPlant</immatureGraphicPath>
			<visualSizeRange>0.5~1.0</visualSizeRange>
			<wildOrder>2</wildOrder>
			<purpose>Food</purpose>
			<humanFoodPlant>true</humanFoodPlant>
		</plant>
	</ThingDef>
	<ThingDef ParentName="PlantBase">
		<defName>VV_BlackBeanPlant</defName>
		<label>black bean plant</label>
		<description>A climbing plant that produces dark, nutritious beans. Black beans are rich in protein and grow well in warm climates with plenty of sunlight.</description>
		<statBases>
			<MaxHitPoints>90</MaxHitPoints>
			<Nutrition>0.2</Nutrition>
		</statBases>
		<graphicData>
			<texPath>Things/Plants/Crops/VV_BlackBeanPlant</texPath>
			<graphicClass>Graphic_Single</graphicClass>
		</graphicData>
		<selectable>true</selectable>
		<pathCost>14</pathCost>
		<ingestible/>
		<plant>
			<fertilityMin>0.7</fertilityMin>
			<dieIfLeafless>true</dieIfLeafless>
			<harvestTag>Standard</harvestTag>
			<harvestedThingDef>VV_BlackBeans</harvestedThingDef>
			<harvestYield>10</harvestYield>
			<sowTags>
				<li>Ground</li>
				<li>Hydroponic</li>
			</sowTags>
			<topWindExposure>0.1</topWindExposure>
			<growDays>5</growDays>
			<immatureGraphicPath>Things/Plants/ImmatureCrops/VV_BlackBeanPlant</immatureGraphicPath>
			<visualSizeRange>0.5~0.8</visualSizeRange>
			<wildOrder>2</wildOrder>
			<purpose>Food</purpose>
			<humanFoodPlant>true</humanFoodPlant>
		</plant>
	</ThingDef>
	<ThingDef ParentName="PlantBase">
		<defName>VV_BroccoliPlant</defName>
		<label>broccoli plant</label>
		<description>A hardy, cool-season plant that produces large green heads of florets. Broccoli is rich in vitamins and grows best in fertile, well-drained soil.</description>
		<statBases>
			<MaxHitPoints>85</MaxHitPoints>
			<Nutrition>0.17</Nutrition>
		</statBases>
		<graphicData>
			<texPath>Things/Plants/Crops/VV_BroccoliPlant</texPath>
			<graphicClass>Graphic_Single</graphicClass>
		</graphicData>
		<selectable>true</selectable>
		<pathCost>14</pathCost>
		<ingestible/>
		<plant>
			<fertilityMin>0.7</fertilityMin>
			<dieIfLeafless>true</dieIfLeafless>
			<harvestTag>Standard</harvestTag>
			<harvestedThingDef>VV_BroccoliFlorets</harvestedThingDef>
			<harvestYield>8</harvestYield>
			<sowTags>
				<li>Ground</li>
				<li>Hydroponic</li>
			</sowTags>
			<topWindExposure>0.1</topWindExposure>
			<growDays>5</growDays>
			<immatureGraphicPath>Things/Plants/ImmatureCrops/VV_BroccoliPlant</immatureGraphicPath>
			<visualSizeRange>0.5~0.8</visualSizeRange>
			<wildOrder>2</wildOrder>
			<purpose>Food</purpose>
			<humanFoodPlant>true</humanFoodPlant>
		</plant>
	</ThingDef>
	<ThingDef ParentName="PlantBase">
		<defName>VV_LeekPlant</defName>
		<label>leek plant</label>
		<description>A tall, sturdy plant with long, white stalks and green tops. Leeks have a mild, onion-like flavor and grow well in cool, damp soil.</description>
		<statBases>
			<MaxHitPoints>80</MaxHitPoints>
			<Nutrition>0.15</Nutrition>
		</statBases>
		<graphicData>
			<texPath>Things/Plants/Crops/VV_LeekPlant</texPath>
			<graphicClass>Graphic_Single</graphicClass>
		</graphicData>
		<selectable>true</selectable>
		<pathCost>14</pathCost>
		<ingestible/>
		<plant>
			<fertilityMin>0.7</fertilityMin>
			<dieIfLeafless>true</dieIfLeafless>
			<harvestTag>Standard</harvestTag>
			<harvestedThingDef>VV_Leeks</harvestedThingDef>
			<harvestYield>7</harvestYield>
			<sowTags>
				<li>Ground</li>
				<li>Hydroponic</li>
			</sowTags>
			<topWindExposure>0.1</topWindExposure>
			<growDays>4</growDays>
			<immatureGraphicPath>Things/Plants/ImmatureCrops/VV_LeekPlant</immatureGraphicPath>
			<visualSizeRange>0.5~0.8</visualSizeRange>
			<wildOrder>2</wildOrder>
			<purpose>Food</purpose>
			<humanFoodPlant>true</humanFoodPlant>
		</plant>
	</ThingDef>
	<ThingDef ParentName="PlantBase">
		<defName>VV_AmaranthPlant</defName>
		<label>amaranth plant</label>
		<description>A vibrant, leafy plant that produces small, edible seeds. Amaranth is highly nutritious and can grow in a variety of climates, making it a versatile crop.</description>
		<statBases>
			<MaxHitPoints>90</MaxHitPoints>
			<Nutrition>0.17</Nutrition>
		</statBases>
		<graphicData>
			<texPath>Things/Plants/Crops/VV_AmaranthPlant</texPath>
			<graphicClass>Graphic_Single</graphicClass>
		</graphicData>
		<selectable>true</selectable>
		<pathCost>14</pathCost>
		<ingestible/>
		<plant>
			<fertilityMin>0.7</fertilityMin>
			<dieIfLeafless>true</dieIfLeafless>
			<harvestTag>Standard</harvestTag>
			<harvestedThingDef>VV_AmaranthGrain</harvestedThingDef>
			<harvestYield>10</harvestYield>
			<sowTags>
				<li>Ground</li>
				<li>Hydroponic</li>
			</sowTags>
			<topWindExposure>0.1</topWindExposure>
			<growDays>4.8</growDays>
			<immatureGraphicPath>Things/Plants/ImmatureCrops/VV_AmaranthPlant</immatureGraphicPath>
			<visualSizeRange>0.5~1.2</visualSizeRange>
			<wildOrder>2</wildOrder>
			<purpose>Food</purpose>
			<humanFoodPlant>true</humanFoodPlant>
		</plant>
	</ThingDef>
	<ThingDef ParentName="PlantBase">
		<defName>VV_TeffPlant</defName>
		<label>teff plant</label>
		<description>A small, drought-tolerant plant that thrives in arid conditions. Teff produces tiny seeds that are packed with nutrients, making it an ancient superfood.</description>
		<statBases>
			<MaxHitPoints>85</MaxHitPoints>
			<Nutrition>0.15</Nutrition>
		</statBases>
		<graphicData>
			<texPath>Things/Plants/Crops/VV_TeffPlant</texPath>
			<graphicClass>Graphic_Single</graphicClass>
		</graphicData>
		<selectable>true</selectable>
		<pathCost>14</pathCost>
		<ingestible/>
		<plant>
			<fertilityMin>0.7</fertilityMin>
			<dieIfLeafless>true</dieIfLeafless>
			<harvestTag>Standard</harvestTag>
			<harvestedThingDef>VV_TeffGrain</harvestedThingDef>
			<harvestYield>7</harvestYield>
			<sowTags>
				<li>Ground</li>
				<li>Hydroponic</li>
			</sowTags>
			<topWindExposure>0.1</topWindExposure>
			<growDays>4</growDays>
			<immatureGraphicPath>Things/Plants/ImmatureCrops/VV_TeffPlant</immatureGraphicPath>
			<visualSizeRange>0.5~1.0</visualSizeRange>
			<wildOrder>2</wildOrder>
			<purpose>Food</purpose>
			<humanFoodPlant>true</humanFoodPlant>
		</plant>
	</ThingDef>
	<ThingDef ParentName="PlantBase">
		<defName>VV_QuinoaPlant</defName>
		<label>quinoa plant</label>
		<description>A tall, leafy plant that produces small, colorful seeds. Quinoa is highly nutritious and thrives in cool, high-altitude environments.</description>
		<statBases>
			<MaxHitPoints>90</MaxHitPoints>
			<Nutrition>0.18</Nutrition>
		</statBases>
		<graphicData>
			<texPath>Things/Plants/Crops/VV_QuinoaPlant</texPath>
			<graphicClass>Graphic_Single</graphicClass>
		</graphicData>
		<selectable>true</selectable>
		<pathCost>14</pathCost>
		<ingestible/>
		<plant>
			<fertilityMin>0.7</fertilityMin>
			<dieIfLeafless>true</dieIfLeafless>
			<harvestTag>Standard</harvestTag>
			<harvestedThingDef>VV_QuinoaSeeds</harvestedThingDef>
			<harvestYield>8</harvestYield>
			<sowTags>
				<li>Ground</li>
				<li>Hydroponic</li>
			</sowTags>
			<topWindExposure>0.1</topWindExposure>
			<growDays>5</growDays>
			<immatureGraphicPath>Things/Plants/ImmatureCrops/VV_QuinoaPlant</immatureGraphicPath>
			<visualSizeRange>0.5~1.2</visualSizeRange>
			<wildOrder>2</wildOrder>
			<purpose>Food</purpose>
			<humanFoodPlant>true</humanFoodPlant>
		</plant>
	</ThingDef>
	<ThingDef ParentName="PlantBase">
		<defName>VV_SpinachPlant</defName>
		<label>spinach plant</label>
		<description>A fast-growing, leafy green plant that thrives in cool weather. Spinach is packed with vitamins and grows well in fertile, well-drained soil.</description>
		<statBases>
			<MaxHitPoints>80</MaxHitPoints>
			<Nutrition>0.12</Nutrition>
		</statBases>
		<graphicData>
			<texPath>Things/Plants/Crops/VV_SpinachPlant</texPath>
			<graphicClass>Graphic_Single</graphicClass>
		</graphicData>
		<selectable>true</selectable>
		<pathCost>14</pathCost>
		<ingestible/>
		<plant>
			<fertilityMin>0.7</fertilityMin>
			<dieIfLeafless>true</dieIfLeafless>
			<harvestTag>Standard</harvestTag>
			<harvestedThingDef>VV_SpinachLeaves</harvestedThingDef>
			<harvestYield>8</harvestYield>
			<sowTags>
				<li>Ground</li>
				<li>Hydroponic</li>
			</sowTags>
			<topWindExposure>0.1</topWindExposure>
			<growDays>3.5</growDays>
			<immatureGraphicPath>Things/Plants/ImmatureCrops/VV_SpinachPlant</immatureGraphicPath>
			<visualSizeRange>0.5~0.8</visualSizeRange>
			<wildOrder>2</wildOrder>
			<purpose>Food</purpose>
			<humanFoodPlant>true</humanFoodPlant>
		</plant>
	</ThingDef>
	<ThingDef ParentName="PlantBase">
		<defName>VV_RedCabbagePlant</defName>
		<label>red cabbage plant</label>
		<description>A hardy, cool-season plant that produces tight, round heads of deep purple cabbage. Red cabbage thrives in fertile soil and cool temperatures.</description>
		<statBases>
			<MaxHitPoints>100</MaxHitPoints>
			<Nutrition>0.16</Nutrition>
		</statBases>
		<graphicData>
			<texPath>Things/Plants/Crops/VV_RedCabbagePlant</texPath>
			<graphicClass>Graphic_Single</graphicClass>
		</graphicData>
		<selectable>true</selectable>
		<pathCost>14</pathCost>
		<ingestible/>
		<plant>
			<fertilityMin>0.7</fertilityMin>
			<dieIfLeafless>true</dieIfLeafless>
			<harvestTag>Standard</harvestTag>
			<harvestedThingDef>VV_RedCabbages</harvestedThingDef>
			<harvestYield>8</harvestYield>
			<sowTags>
				<li>Ground</li>
				<li>Hydroponic</li>
			</sowTags>
			<topWindExposure>0.1</topWindExposure>
			<growDays>5</growDays>
			<immatureGraphicPath>Things/Plants/ImmatureCrops/VV_RedCabbagePlant</immatureGraphicPath>
			<visualSizeRange>0.5~0.8</visualSizeRange>
			<wildOrder>2</wildOrder>
			<purpose>Food</purpose>
			<humanFoodPlant>true</humanFoodPlant>
		</plant>
	</ThingDef>
	<ThingDef ParentName="PlantBase">
		<defName>VV_ArtichokePlant</defName>
		<label>artichoke plant</label>
		<description>A large, perennial plant with spiky leaves that produces edible flower buds. Artichokes thrive in mild climates with plenty of sunlight.</description>
		<statBases>
			<MaxHitPoints>85</MaxHitPoints>
			<Nutrition>0.18</Nutrition>
		</statBases>
		<graphicData>
			<texPath>Things/Plants/Crops/VV_ArtichokePlant</texPath>
			<graphicClass>Graphic_Single</graphicClass>
		</graphicData>
		<selectable>true</selectable>
		<pathCost>14</pathCost>
		<ingestible/>
		<plant>
			<fertilityMin>0.7</fertilityMin>
			<dieIfLeafless>true</dieIfLeafless>
			<harvestTag>Standard</harvestTag>
			<harvestedThingDef>VV_Artichoke</harvestedThingDef>
			<harvestYield>6</harvestYield>
			<sowTags>
				<li>Ground</li>
				<li>Hydroponic</li>
			</sowTags>
			<topWindExposure>0.1</topWindExposure>
			<growDays>6</growDays>
			<immatureGraphicPath>Things/Plants/ImmatureCrops/VV_ArtichokePlant</immatureGraphicPath>
			<visualSizeRange>0.5~1.0</visualSizeRange>
			<wildOrder>2</wildOrder>
			<purpose>Food</purpose>
			<humanFoodPlant>true</humanFoodPlant>
		</plant>
	</ThingDef>
	<ThingDef ParentName="PlantBase">
		<defName>VV_AsparagusPlant</defName>
		<label>asparagus plant</label>
		<description>Asparagus is a tender vegetable plant grown for its edible green shoots. It thrives in fertile soil and provides a nutritious harvest once mature.</description>
		<statBases>
			<MaxHitPoints>80</MaxHitPoints>
			<Nutrition>0.12</Nutrition>
		</statBases>
		<graphicData>
			<texPath>Things/Plants/Crops/VV_AsparagusPlant</texPath>
			<graphicClass>Graphic_Single</graphicClass>
		</graphicData>
		<selectable>true</selectable>
		<pathCost>14</pathCost>
		<ingestible/>
		<plant>
			<fertilityMin>0.7</fertilityMin>
			<dieIfLeafless>true</dieIfLeafless>
			<harvestTag>Standard</harvestTag>
			<harvestedThingDef>VV_Asparagus</harvestedThingDef>
			<harvestYield>10</harvestYield>
			<sowTags>
				<li>Ground</li>
				<li>Hydroponic</li>
			</sowTags>
			<topWindExposure>0.1</topWindExposure>
			<growDays>6</growDays>
			<immatureGraphicPath>Things/Plants/ImmatureCrops/VV_AsparagusPlant</immatureGraphicPath>
			<visualSizeRange>0.4~0.6</visualSizeRange>
			<wildOrder>2</wildOrder>
			<purpose>Food</purpose>
			<humanFoodPlant>true</humanFoodPlant>
		</plant>
	</ThingDef>
</Defs>