<Defs>
	<ThingDef ParentName="PlantBase">
		<defName>VV_AlfalfaPlant</defName>
		<label>alfalfa plant</label>
		<description>A fast-growing legume known for its nutritious, deep-green leaves. Alfalfa thrives in well-drained soil and is often used as forage for livestock.</description>
		<statBases>
			<MaxHitPoints>80</MaxHitPoints>
			<Flammability>1.0</Flammability>
			<Nutrition>0.3</Nutrition>
		</statBases>
		<graphicData>
			<texPath>Things/Plants/Crops/VV_AlfalfaPlant</texPath>
			<graphicClass>Graphic_Single</graphicClass>
		</graphicData>
		<selectable>true</selectable>
		<pathCost>14</pathCost>
		<ingestible/>
		<plant>
			<immatureGraphicPath>Things/Plants/ImmatureCrops/VV_AlfalfaPlant</immatureGraphicPath>
			<fertilitySensitivity>0.6</fertilitySensitivity>
			<growDays>5</growDays>
			<dieIfLeafless>true</dieIfLeafless>
			<maxMeshCount>4</maxMeshCount>
			<harvestTag>Standard</harvestTag>
			<harvestedThingDef>VV_AlfalfaHay</harvestedThingDef>
			<harvestYield>15</harvestYield>
			<sowTags>
				<li>Ground</li>
			</sowTags>
			<topWindExposure>0.1</topWindExposure>
			<visualSizeRange>0.5~0.8</visualSizeRange>
			<wildOrder>1</wildOrder>
			<purpose>Food</purpose>
		</plant>
	</ThingDef>
	<ThingDef ParentName="PlantBase">
		<defName>VV_CloverPlant</defName>
		<label>clover plant</label>
		<description>A low-growing, hardy plant known for its trifoliate leaves and small, colorful flowers. Clover is often used as forage and helps improve soil fertility.</description>
		<statBases>
			<MaxHitPoints>80</MaxHitPoints>
			<Flammability>1.0</Flammability>
			<Nutrition>0.3</Nutrition>
		</statBases>
		<graphicData>
			<texPath>Things/Plants/Crops/VV_CloverPlant</texPath>
			<graphicClass>Graphic_Single</graphicClass>
		</graphicData>
		<selectable>true</selectable>
		<pathCost>14</pathCost>
		<ingestible/>
		<plant>
			<immatureGraphicPath>Things/Plants/ImmatureCrops/VV_CloverPlant</immatureGraphicPath>
			<fertilitySensitivity>0.6</fertilitySensitivity>
			<growDays>4</growDays>
			<dieIfLeafless>true</dieIfLeafless>
			<maxMeshCount>4</maxMeshCount>
			<harvestTag>Standard</harvestTag>
			<harvestedThingDef>VV_CloverHay</harvestedThingDef>
			<harvestYield>12</harvestYield>
			<sowTags>
				<li>Ground</li>
			</sowTags>
			<topWindExposure>0.05</topWindExposure>
			<visualSizeRange>0.4~0.8</visualSizeRange>
			<wildOrder>1</wildOrder>
			<purpose>Food</purpose>
		</plant>
	</ThingDef>
</Defs>