<Defs>
	<ThingDef ParentName="PlantBase">
		<defName>VV_JutePlant</defName>
		<label>jute plant</label>
		<description>A tall, fibrous plant that thrives in warm, humid climates. Jute is primarily grown for its strong fibers, which are used in textiles and ropes.</description>
		<statBases>
			<MaxHitPoints>120</MaxHitPoints>
			<Nutrition>0.2</Nutrition>
		</statBases>
		<graphicData>
			<texPath>Things/Plants/Crops/VV_JutePlant</texPath>
			<graphicClass>Graphic_Single</graphicClass>
		</graphicData>
		<selectable>true</selectable>
		<pathCost>20</pathCost>
		<ingestible/>
		<plant>
			<growDays>6</growDays>
			<dieIfLeafless>true</dieIfLeafless>
			<harvestTag>Standard</harvestTag>
			<harvestWork>400</harvestWork>
			<harvestedThingDef>VV_RawJute</harvestedThingDef>
			<harvestYield>8</harvestYield>
			<sowMinSkill>3</sowMinSkill>
			<sowTags>
				<li>Ground</li>
			</sowTags>
			<topWindExposure>0.1</topWindExposure>
			<immatureGraphicPath>Things/Plants/ImmatureCrops/VV_JutePlant</immatureGraphicPath>
			<visualSizeRange>0.3~1.05</visualSizeRange>
			<wildOrder>2</wildOrder>
		</plant>
	</ThingDef>
	<ThingDef ParentName="PlantBase">
		<defName>VV_RamiePlant</defName>
		<label>ramie plant</label>
		<description>A tall, hardy plant known for its strong, silky fibers. Ramie grows well in warm climates and is used for making durable textiles.</description>
		<statBases>
			<MaxHitPoints>95</MaxHitPoints>
			<Nutrition>0.2</Nutrition>
		</statBases>
		<graphicData>
			<texPath>Things/Plants/Crops/VV_RamiePlant</texPath>
			<graphicClass>Graphic_Single</graphicClass>
		</graphicData>
		<selectable>true</selectable>
		<pathCost>14</pathCost>
		<ingestible/>
		<plant>
			<growDays>10</growDays>
			<dieIfLeafless>true</dieIfLeafless>
			<harvestTag>Standard</harvestTag>
			<harvestWork>200</harvestWork>
			<harvestedThingDef>VV_RamieFibers</harvestedThingDef>
			<harvestYield>12</harvestYield>
			<sowMinSkill>4</sowMinSkill>
			<sowTags>
				<li>Ground</li>
				<li>Hydroponic</li>
			</sowTags>
			<topWindExposure>0.1</topWindExposure>
			<immatureGraphicPath>Things/Plants/ImmatureCrops/VV_RamiePlant</immatureGraphicPath>
			<visualSizeRange>0.3~1.02</visualSizeRange>
			<wildOrder>2</wildOrder>
		</plant>
	</ThingDef>
	<ThingDef ParentName="TreeBase">
		<defName>VV_CorkTree</defName>
		<label>cork tree</label>
		<description>A slow-growing tree with thick, spongy bark. The cork tree is primarily cultivated for its bark, which regenerates after harvesting.</description>
		<graphicData>
			<texPath>Things/Plants/Trees/VV_CorkTree</texPath>
			<graphicClass>Graphic_Single</graphicClass>
			<shadowData>
				<volume>(0.15, 0.3, 0.15)</volume>
				<offset>(0,0,-0.38)</offset>
			</shadowData>
		</graphicData>
		<selectable>true</selectable>
		<statBases>
			<Beauty>2</Beauty>
			<BeautyOutdoors>2</BeautyOutdoors>
		</statBases>
		<ingestible/>
		<plant>
			<dieIfLeafless>false</dieIfLeafless>
			<growDays>32</growDays>
			<visualSizeRange>0.9~2.2</visualSizeRange>
			<fertilityMin>0.6</fertilityMin>
			<sowTags>
				<li>Ground</li>
			</sowTags>
			<sowMinSkill>8</sowMinSkill>
			<topWindExposure>0.15</topWindExposure>
			<mustBeWildToSow>false</mustBeWildToSow>
			<harvestTag>Standard</harvestTag>
			<harvestWork>600</harvestWork>
			<harvestYield>20</harvestYield>
			<harvestedThingDef>VV_Cork</harvestedThingDef>
			<harvestFailable>true</harvestFailable>
			<harvestAfterGrowth>0.20</harvestAfterGrowth>
			<immatureGraphicPath>Things/Plants/ImmatureTrees/VV_CorkTree</immatureGraphicPath>
			<leaflessGraphicPath>Things/Plants/LeaflessTrees/VV_CorkTree</leaflessGraphicPath>
		</plant>
	</ThingDef>
</Defs>