<Defs>
	<ThingDef ParentName="TreeBase">
		<defName>VV_SourCherryTree</defName>
		<label>sour cherry tree</label>
		<description>A fruit-bearing tree that produces small, tart cherries. Sour cherry trees thrive in temperate climates and are valued for their flavorful fruit.</description>
		<graphicData>
			<texPath>Things/Plants/Trees/VV_SourCherryTree</texPath>
			<graphicClass>Graphic_Single</graphicClass>
			<shadowData>
				<volume>(0.15, 0.3, 0.15)</volume>
				<offset>(0,0,-0.38)</offset>
			</shadowData>
		</graphicData>
		<selectable>true</selectable>
		<statBases>
			<Beauty>2</Beauty>
			<BeautyOutdoors>2</BeautyOutdoors>
			<Nutrition>1.25</Nutrition>
		</statBases>
		<ingestible/>
		<plant>
			<dieIfLeafless>false</dieIfLeafless>
			<growDays>30</growDays>
			<visualSizeRange>0.8~2.0</visualSizeRange>
			<fertilityMin>0.7</fertilityMin>
			<sowTags>
				<li>Ground</li>
			</sowTags>
			<sowMinSkill>6</sowMinSkill>
			<topWindExposure>0.15</topWindExposure>
			<mustBeWildToSow>false</mustBeWildToSow>
			<harvestTag>Standard</harvestTag>
			<harvestWork>600</harvestWork>
			<harvestYield>30</harvestYield>
			<harvestedThingDef>VV_SourCherrys</harvestedThingDef>
			<harvestFailable>true</harvestFailable>
			<harvestAfterGrowth>0.20</harvestAfterGrowth>
			<immatureGraphicPath>Things/Plants/ImmatureTrees/VV_SourCherryTree</immatureGraphicPath>
			<leaflessGraphicPath>Things/Plants/LeaflessTrees/VV_SourCherryTree</leaflessGraphicPath>
		</plant>
	</ThingDef>
	<ThingDef ParentName="TreeBase">
		<defName>VV_ApricotTree</defName>
		<label>apricot tree</label>
		<description>A hardy fruit tree that produces small, sweet, and juicy apricots. It thrives in warm climates and well-drained soil.</description>
		<graphicData>
			<texPath>Things/Plants/Trees/VV_ApricotTree</texPath>
			<graphicClass>Graphic_Single</graphicClass>
			<shadowData>
				<volume>(0.15, 0.3, 0.15)</volume>
				<offset>(0,0,-0.38)</offset>
			</shadowData>
		</graphicData>
		<selectable>true</selectable>
		<statBases>
			<Beauty>2</Beauty>
			<BeautyOutdoors>2</BeautyOutdoors>
			<Nutrition>1.25</Nutrition>
		</statBases>
		<ingestible/>
		<plant>
			<dieIfLeafless>false</dieIfLeafless>
			<growDays>32</growDays>
			<visualSizeRange>0.9~2.2</visualSizeRange>
			<fertilityMin>0.7</fertilityMin>
			<sowTags>
				<li>Ground</li>
			</sowTags>
			<sowMinSkill>7</sowMinSkill>
			<topWindExposure>0.15</topWindExposure>
			<mustBeWildToSow>false</mustBeWildToSow>
			<harvestTag>Standard</harvestTag>
			<harvestWork>650</harvestWork>
			<harvestYield>35</harvestYield>
			<harvestedThingDef>VV_Apricots</harvestedThingDef>
			<harvestFailable>true</harvestFailable>
			<harvestAfterGrowth>0.20</harvestAfterGrowth>
			<immatureGraphicPath>Things/Plants/ImmatureTrees/VV_ApricotTree</immatureGraphicPath>
			<leaflessGraphicPath>Things/Plants/LeaflessTrees/VV_ApricotTree</leaflessGraphicPath>
		</plant>
	</ThingDef>
	<ThingDef ParentName="TreeBase">
		<defName>VV_QuinceTree</defName>
		<label>quince tree</label>
		<description>A hardy fruit tree that produces fragrant, golden-yellow quinces. It thrives in temperate climates and is valued for its aromatic fruit.</description>
		<graphicData>
			<texPath>Things/Plants/Trees/VV_QuinceTree</texPath>
			<graphicClass>Graphic_Single</graphicClass>
			<shadowData>
				<volume>(0.15, 0.3, 0.15)</volume>
				<offset>(0,0,-0.38)</offset>
			</shadowData>
		</graphicData>
		<selectable>true</selectable>
		<statBases>
			<Beauty>2</Beauty>
			<BeautyOutdoors>2</BeautyOutdoors>
			<Nutrition>1.25</Nutrition>
		</statBases>
		<ingestible/>
		<plant>
			<dieIfLeafless>false</dieIfLeafless>
			<growDays>32</growDays>
			<visualSizeRange>0.9~2.0</visualSizeRange>
			<fertilityMin>0.7</fertilityMin>
			<sowTags>
				<li>Ground</li>
			</sowTags>
			<sowMinSkill>6</sowMinSkill>
			<topWindExposure>0.15</topWindExposure>
			<mustBeWildToSow>false</mustBeWildToSow>
			<harvestTag>Standard</harvestTag>
			<harvestWork>600</harvestWork>
			<harvestYield>22</harvestYield>
			<harvestedThingDef>VV_Quinces</harvestedThingDef>
			<harvestFailable>true</harvestFailable>
			<harvestAfterGrowth>0.20</harvestAfterGrowth>
			<immatureGraphicPath>Things/Plants/ImmatureTrees/VV_QuinceTree</immatureGraphicPath>
			<leaflessGraphicPath>Things/Plants/LeaflessTrees/VV_QuinceTree</leaflessGraphicPath>
		</plant>
	</ThingDef>
	<ThingDef ParentName="TreeBase">
		<defName>VV_MedlarTree</defName>
		<label>medlar tree</label>
		<description>A small, resilient fruit tree that produces brown, apple-like fruits. Medlars require ripening after harvest to develop their unique flavor.</description>
		<graphicData>
			<texPath>Things/Plants/Trees/VV_MedlarTree</texPath>
			<graphicClass>Graphic_Single</graphicClass>
			<shadowData>
				<volume>(0.15, 0.3, 0.15)</volume>
				<offset>(0,0,-0.38)</offset>
			</shadowData>
		</graphicData>
		<selectable>true</selectable>
		<statBases>
			<Beauty>2</Beauty>
			<BeautyOutdoors>2</BeautyOutdoors>
			<Nutrition>1.25</Nutrition>
		</statBases>
		<ingestible/>
		<plant>
			<dieIfLeafless>false</dieIfLeafless>
			<growDays>32</growDays>
			<visualSizeRange>0.9~1.7</visualSizeRange>
			<fertilityMin>0.7</fertilityMin>
			<sowTags>
				<li>Ground</li>
			</sowTags>
			<sowMinSkill>6</sowMinSkill>
			<topWindExposure>0.15</topWindExposure>
			<mustBeWildToSow>false</mustBeWildToSow>
			<harvestTag>Standard</harvestTag>
			<harvestWork>600</harvestWork>
			<harvestYield>22</harvestYield>
			<harvestedThingDef>VV_Medlars</harvestedThingDef>
			<harvestFailable>true</harvestFailable>
			<harvestAfterGrowth>0.20</harvestAfterGrowth>
			<immatureGraphicPath>Things/Plants/ImmatureTrees/VV_MedlarTree</immatureGraphicPath>
			<leaflessGraphicPath>Things/Plants/LeaflessTrees/VV_MedlarTree</leaflessGraphicPath>
		</plant>
	</ThingDef>
	<ThingDef ParentName="TreeBase">
		<defName>VV_MulberryTree</defName>
		<label>mulberry tree</label>
		<description>A fast-growing tree that produces clusters of small, juicy berries. Mulberry trees thrive in warm climates and provide abundant fruit.</description>
		<graphicData>
			<texPath>Things/Plants/Trees/VV_MulberryTree</texPath>
			<graphicClass>Graphic_Single</graphicClass>
			<shadowData>
				<volume>(0.15, 0.3, 0.15)</volume>
				<offset>(0,0,-0.38)</offset>
			</shadowData>
		</graphicData>
		<selectable>true</selectable>
		<statBases>
			<Beauty>2</Beauty>
			<BeautyOutdoors>2</BeautyOutdoors>
			<Nutrition>1.25</Nutrition>
		</statBases>
		<ingestible/>
		<plant>
			<dieIfLeafless>false</dieIfLeafless>
			<growDays>28</growDays>
			<visualSizeRange>0.9~2.0</visualSizeRange>
			<fertilityMin>0.7</fertilityMin>
			<sowTags>
				<li>Ground</li>
			</sowTags>
			<sowMinSkill>5</sowMinSkill>
			<topWindExposure>0.15</topWindExposure>
			<mustBeWildToSow>false</mustBeWildToSow>
			<harvestTag>Standard</harvestTag>
			<harvestWork>650</harvestWork>
			<harvestYield>25</harvestYield>
			<harvestedThingDef>VV_Mulberries</harvestedThingDef>
			<harvestFailable>true</harvestFailable>
			<harvestAfterGrowth>0.20</harvestAfterGrowth>
			<immatureGraphicPath>Things/Plants/ImmatureTrees/VV_MulberryTree</immatureGraphicPath>
			<leaflessGraphicPath>Things/Plants/LeaflessTrees/VV_MulberryTree</leaflessGraphicPath>
		</plant>
	</ThingDef>
	<ThingDef ParentName="TreeBase">
		<defName>VV_PapayaTree</defName>
		<label>papaya tree</label>
		<description>A tropical tree with large, broad leaves that produces sweet, orange flesh fruit. Papaya trees grow well in warm, humid climates and require plenty of sunlight.</description>
		<graphicData>
			<texPath>Things/Plants/Trees/VV_PapayaTree</texPath>
			<graphicClass>Graphic_Single</graphicClass>
			<shadowData>
				<volume>(0.15, 0.3, 0.15)</volume>
				<offset>(0,0,-0.38)</offset>
			</shadowData>
		</graphicData>
		<selectable>true</selectable>
		<statBases>
			<Beauty>2</Beauty>
			<BeautyOutdoors>2</BeautyOutdoors>
			<Nutrition>1.25</Nutrition>
		</statBases>
		<ingestible/>
		<plant>
			<dieIfLeafless>false</dieIfLeafless>
			<growDays>20</growDays>
			<visualSizeRange>0.9~2.0</visualSizeRange>
			<fertilityMin>0.7</fertilityMin>
			<sowTags>
				<li>Ground</li>
			</sowTags>
			<sowMinSkill>6</sowMinSkill>
			<topWindExposure>0.15</topWindExposure>
			<mustBeWildToSow>false</mustBeWildToSow>
			<harvestTag>Standard</harvestTag>
			<harvestWork>400</harvestWork>
			<harvestYield>20</harvestYield>
			<harvestedThingDef>VV_Papayas</harvestedThingDef>
			<harvestFailable>true</harvestFailable>
			<harvestAfterGrowth>0.20</harvestAfterGrowth>
			<immatureGraphicPath>Things/Plants/ImmatureTrees/VV_PapayaTree</immatureGraphicPath>
			<leaflessGraphicPath>Things/Plants/LeaflessTrees/VV_PapayaTree</leaflessGraphicPath>
		</plant>
	</ThingDef>
	<ThingDef ParentName="TreeBase">
		<defName>VV_GrapefruitTree</defName>
		<label>grapefruit tree</label>
		<description>A citrus tree that produces large, tangy fruits with a slightly bitter taste. Grapefruit trees thrive in warm, sunny climates and require well-drained soil.</description>
		<graphicData>
			<texPath>Things/Plants/Trees/VV_GrapefruitTree</texPath>
			<graphicClass>Graphic_Single</graphicClass>
			<shadowData>
				<volume>(0.15, 0.3, 0.15)</volume>
				<offset>(0,0,-0.38)</offset>
			</shadowData>
		</graphicData>
		<selectable>true</selectable>
		<statBases>
			<Beauty>2</Beauty>
			<BeautyOutdoors>2</BeautyOutdoors>
			<Nutrition>1.25</Nutrition>
		</statBases>
		<ingestible/>
		<plant>
			<dieIfLeafless>false</dieIfLeafless>
			<growDays>35</growDays>
			<visualSizeRange>0.9~2.2</visualSizeRange>
			<fertilityMin>0.7</fertilityMin>
			<sowTags>
				<li>Ground</li>
			</sowTags>
			<sowMinSkill>7</sowMinSkill>
			<topWindExposure>0.15</topWindExposure>
			<mustBeWildToSow>false</mustBeWildToSow>
			<harvestTag>Standard</harvestTag>
			<harvestWork>600</harvestWork>
			<harvestYield>30</harvestYield>
			<harvestedThingDef>VV_Grapefruits</harvestedThingDef>
			<harvestFailable>true</harvestFailable>
			<harvestAfterGrowth>0.20</harvestAfterGrowth>
			<immatureGraphicPath>Things/Plants/ImmatureTrees/VV_GrapefruitTree</immatureGraphicPath>
			<leaflessGraphicPath>Things/Plants/LeaflessTrees/VV_GrapefruitTree</leaflessGraphicPath>
		</plant>
	</ThingDef>
	<ThingDef ParentName="TreeBase">
		<defName>VV_PomegranateTree</defName>
		<label>pomegranate tree</label>
		<description>A small, drought-tolerant tree that produces bright red, leathery fruits filled with juicy seeds. Pomegranate trees thrive in warm, Mediterranean climates.</description>
		<graphicData>
			<texPath>Things/Plants/Trees/VV_PomegranateTree</texPath>
			<graphicClass>Graphic_Single</graphicClass>
			<shadowData>
				<volume>(0.15, 0.3, 0.15)</volume>
				<offset>(0,0,-0.38)</offset>
			</shadowData>
		</graphicData>
		<selectable>true</selectable>
		<statBases>
			<Beauty>2</Beauty>
			<BeautyOutdoors>2</BeautyOutdoors>
			<Nutrition>1.25</Nutrition>
		</statBases>
		<ingestible/>
		<plant>
			<dieIfLeafless>false</dieIfLeafless>
			<growDays>35</growDays>
			<visualSizeRange>0.9~1.8</visualSizeRange>
			<fertilityMin>0.7</fertilityMin>
			<sowTags>
				<li>Ground</li>
			</sowTags>
			<sowMinSkill>8</sowMinSkill>
			<topWindExposure>0.15</topWindExposure>
			<mustBeWildToSow>false</mustBeWildToSow>
			<harvestTag>Standard</harvestTag>
			<harvestWork>500</harvestWork>
			<harvestYield>30</harvestYield>
			<harvestedThingDef>VV_Pomegranates</harvestedThingDef>
			<harvestFailable>true</harvestFailable>
			<harvestAfterGrowth>0.20</harvestAfterGrowth>
			<immatureGraphicPath>Things/Plants/ImmatureTrees/VV_PomegranateTree</immatureGraphicPath>
			<leaflessGraphicPath>Things/Plants/LeaflessTrees/VV_PomegranateTree</leaflessGraphicPath>
		</plant>
	</ThingDef>
	<ThingDef ParentName="TreeBase">
		<defName>VV_DurianTree</defName>
		<label>durian tree</label>
		<description>A tropical tree known for its large, spiky fruit. Durian trees thrive in hot, humid climates and are famous for their unique, pungent-smelling fruit.</description>
		<graphicData>
			<texPath>Things/Plants/Trees/VV_DurianTree</texPath>
			<graphicClass>Graphic_Single</graphicClass>
			<shadowData>
				<volume>(0.15, 0.3, 0.15)</volume>
				<offset>(0,0,-0.38)</offset>
			</shadowData>
		</graphicData>
		<selectable>true</selectable>
		<statBases>
			<Beauty>1</Beauty>
			<BeautyOutdoors>1</BeautyOutdoors>
			<Nutrition>1.25</Nutrition>
		</statBases>
		<ingestible/>
		<plant>
			<dieIfLeafless>false</dieIfLeafless>
			<growDays>45</growDays>
			<visualSizeRange>1.2~2.4</visualSizeRange>
			<fertilityMin>0.7</fertilityMin>
			<sowTags>
				<li>Ground</li>
			</sowTags>
			<sowMinSkill>10</sowMinSkill>
			<topWindExposure>0.15</topWindExposure>
			<mustBeWildToSow>false</mustBeWildToSow>
			<harvestTag>Standard</harvestTag>
			<harvestWork>800</harvestWork>
			<harvestYield>4</harvestYield>
			<harvestedThingDef>VV_Durians</harvestedThingDef>
			<harvestFailable>true</harvestFailable>
			<harvestAfterGrowth>0.20</harvestAfterGrowth>
			<immatureGraphicPath>Things/Plants/ImmatureTrees/VV_DurianTree</immatureGraphicPath>
			<leaflessGraphicPath>Things/Plants/LeaflessTrees/VV_DurianTree</leaflessGraphicPath>
		</plant>
	</ThingDef>
	<ThingDef ParentName="TreeBase">
		<defName>VV_WalnutTree</defName>
		<label>walnut tree</label>
		<description>A large, deciduous tree that produces round, hard-shelled nuts. Walnut trees thrive in temperate climates with deep, well-drained soil.</description>
		<graphicData>
			<texPath>Things/Plants/Trees/VV_WalnutTree</texPath>
			<graphicClass>Graphic_Single</graphicClass>
			<shadowData>
				<volume>(0.15, 0.3, 0.15)</volume>
				<offset>(0,0,-0.38)</offset>
			</shadowData>
		</graphicData>
		<selectable>true</selectable>
		<statBases>
			<Beauty>2</Beauty>
			<BeautyOutdoors>2</BeautyOutdoors>
			<Nutrition>1.25</Nutrition>
		</statBases>
		<ingestible/>
		<plant>
			<dieIfLeafless>false</dieIfLeafless>
			<growDays>30</growDays>
			<visualSizeRange>0.9~2.2</visualSizeRange>
			<fertilityMin>0.7</fertilityMin>
			<sowTags>
				<li>Ground</li>
			</sowTags>
			<sowMinSkill>6</sowMinSkill>
			<topWindExposure>0.15</topWindExposure>
			<mustBeWildToSow>false</mustBeWildToSow>
			<harvestTag>Standard</harvestTag>
			<harvestWork>500</harvestWork>
			<harvestYield>20</harvestYield>
			<harvestedThingDef>VV_Walnuts</harvestedThingDef>
			<harvestFailable>true</harvestFailable>
			<harvestAfterGrowth>0.20</harvestAfterGrowth>
			<immatureGraphicPath>Things/Plants/ImmatureTrees/VV_WalnutTree</immatureGraphicPath>
			<leaflessGraphicPath>Things/Plants/LeaflessTrees/VV_WalnutTree</leaflessGraphicPath>
		</plant>
	</ThingDef>
	<ThingDef ParentName="TreeBase">
		<defName>VV_HazelnutTree</defName>
		<label>hazelnut tree</label>
		<description>A small, deciduous tree that produces round, sweet nuts encased in a hard shell. Hazelnut trees thrive in temperate climates and require well-drained soil.</description>
		<graphicData>
			<texPath>Things/Plants/Trees/VV_HazelnutTree</texPath>
			<graphicClass>Graphic_Single</graphicClass>
			<shadowData>
				<volume>(0.35, 0.25, 0.35)</volume>
				<offset>(0,0,-0.20)</offset>
			</shadowData>
		</graphicData>
		<selectable>true</selectable>
		<statBases>
			<Beauty>2</Beauty>
			<BeautyOutdoors>2</BeautyOutdoors>
			<Nutrition>1.25</Nutrition>
		</statBases>
		<ingestible/>
		<plant>
			<dieIfLeafless>false</dieIfLeafless>
			<growDays>28</growDays>
			<visualSizeRange>0.7~1.8</visualSizeRange>
			<fertilityMin>0.7</fertilityMin>
			<sowTags>
				<li>Ground</li>
			</sowTags>
			<sowMinSkill>5</sowMinSkill>
			<topWindExposure>0.15</topWindExposure>
			<mustBeWildToSow>false</mustBeWildToSow>
			<harvestTag>Standard</harvestTag>
			<harvestWork>400</harvestWork>
			<harvestYield>15</harvestYield>
			<harvestedThingDef>VV_Hazelnuts</harvestedThingDef>
			<harvestFailable>true</harvestFailable>
			<harvestAfterGrowth>0.20</harvestAfterGrowth>
			<immatureGraphicPath>Things/Plants/ImmatureTrees/VV_HazelnutTree</immatureGraphicPath>
			<leaflessGraphicPath>Things/Plants/LeaflessTrees/VV_HazelnutTree</leaflessGraphicPath>
		</plant>
	</ThingDef>
</Defs>