<Defs>
	<ThingDef ParentName="PlantFoodRawBase">
		<defName>VV_MilletGrain</defName>
		<label>millet grain</label>
		<description>A small, nutritious grain, perfect for baking or cooking. Millet is versatile and can be used in many dishes, from porridge to bread.</description>
		<soundInteract>Grain_Drop</soundInteract>
		<soundDrop>Grain_Drop</soundDrop>
		<graphicData>
			<texPath>Things/Items/RawFruitsAndVegetables/VV_MilletGrain</texPath>
		</graphicData>
		<statBases>
			<MarketValue>1.1</MarketValue>
		</statBases>
		<ingestible>
			<foodType>VegetableOrFruit</foodType>
		</ingestible>
		<comps>
			<li Class="CompProperties_Rottable">
				<daysToRotStart>60</daysToRotStart>
				<rotDestroys>true</rotDestroys>
			</li>
		</comps>
	</ThingDef>
	<ThingDef ParentName="PlantFoodRawBase">
		<defName>VV_BlackBeans</defName>
		<label>black beans</label>
		<description>A protein-packed legume that’s perfect for stews and soups. Black beans are filling and versatile, great for adding to a variety of dishes.</description>
		<soundInteract>Grain_Drop</soundInteract>
		<soundDrop>Grain_Drop</soundDrop>
		<graphicData>
			<texPath>Things/Items/RawFruitsAndVegetables/VV_BlackBeans</texPath>
		</graphicData>
		<statBases>
			<MarketValue>1.1</MarketValue>
		</statBases>
		<ingestible>
			<foodType>VegetableOrFruit</foodType>
		</ingestible>
		<comps>
			<li Class="CompProperties_Rottable">
				<daysToRotStart>30</daysToRotStart>
				<rotDestroys>true</rotDestroys>
			</li>
		</comps>
	</ThingDef>
	<ThingDef ParentName="PlantFoodRawBase">
		<defName>VV_BroccoliFlorets</defName>
		<label>broccoli florets</label>
		<description>Tender, edible flower buds that are packed with nutrients. These florets are perfect for steaming, stir-frying, or adding to soups.</description>
		<soundInteract>Grain_Drop</soundInteract>
		<soundDrop>Grain_Drop</soundDrop>
		<graphicData>
			<texPath>Things/Items/RawFruitsAndVegetables/VV_BroccoliFlorets</texPath>
		</graphicData>
		<statBases>
			<MarketValue>1.1</MarketValue>
		</statBases>
		<ingestible>
			<foodType>VegetableOrFruit</foodType>
		</ingestible>
		<comps>
			<li Class="CompProperties_Rottable">
				<daysToRotStart>15</daysToRotStart>
				<rotDestroys>true</rotDestroys>
			</li>
		</comps>
	</ThingDef>
	<ThingDef ParentName="PlantFoodRawBase">
		<defName>VV_Leeks</defName>
		<label>leeks</label>
		<description>Long, tender stalks that are mild in flavor and versatile in cooking. Leeks are great in soups, stews, and even as a grilled side dish.</description>
		<soundInteract>Grain_Drop</soundInteract>
		<soundDrop>Grain_Drop</soundDrop>
		<graphicData>
			<texPath>Things/Items/RawFruitsAndVegetables/VV_Leeks</texPath>
		</graphicData>
		<statBases>
			<MarketValue>1.1</MarketValue>
		</statBases>
		<ingestible>
			<foodType>VegetableOrFruit</foodType>
		</ingestible>
		<comps>
			<li Class="CompProperties_Rottable">
				<daysToRotStart>15</daysToRotStart>
				<rotDestroys>true</rotDestroys>
			</li>
		</comps>
	</ThingDef>
	<ThingDef ParentName="PlantFoodRawBase">
		<defName>VV_AmaranthGrain</defName>
		<label>amaranth grain</label>
		<description>Tiny, nutrient-dense seeds that can be used in a variety of dishes. Amaranth is gluten-free and works well in porridge, baking, or as a side dish.</description>
		<soundInteract>Grain_Drop</soundInteract>
		<soundDrop>Grain_Drop</soundDrop>
		<graphicData>
			<texPath>Things/Items/RawFruitsAndVegetables/VV_AmaranthGrain</texPath>
		</graphicData>
		<statBases>
			<MarketValue>1.1</MarketValue>
		</statBases>
		<ingestible>
			<foodType>VegetableOrFruit</foodType>
		</ingestible>
		<comps>
			<li Class="CompProperties_Rottable">
				<daysToRotStart>60</daysToRotStart>
				<rotDestroys>true</rotDestroys>
			</li>
		</comps>
	</ThingDef>
	<ThingDef ParentName="PlantFoodRawBase">
		<defName>VV_TeffGrain</defName>
		<label>teff grain</label>
		<description>Tiny, nutrient-rich seeds used in baking, porridge, or flatbreads. Teff is a staple in many African cuisines and is naturally gluten-free.</description>
		<soundInteract>Grain_Drop</soundInteract>
		<soundDrop>Grain_Drop</soundDrop>
		<graphicData>
			<texPath>Things/Items/RawFruitsAndVegetables/VV_TeffGrain</texPath>
		</graphicData>
		<statBases>
			<MarketValue>1.1</MarketValue>
		</statBases>
		<ingestible>
			<foodType>VegetableOrFruit</foodType>
		</ingestible>
		<comps>
			<li Class="CompProperties_Rottable">
				<daysToRotStart>60</daysToRotStart>
				<rotDestroys>true</rotDestroys>
			</li>
		</comps>
	</ThingDef>
	<ThingDef ParentName="PlantFoodRawBase">
		<defName>VV_QuinoaSeeds</defName>
		<label>quinoa seeds</label>
		<description>Tiny, protein-rich seeds that are versatile in cooking. Quinoa seeds can be used in salads, soups, or as a side dish, and are naturally gluten-free.</description>
		<soundInteract>Grain_Drop</soundInteract>
		<soundDrop>Grain_Drop</soundDrop>
		<graphicData>
			<texPath>Things/Items/RawFruitsAndVegetables/VV_QuinoaSeeds</texPath>
		</graphicData>
		<statBases>
			<MarketValue>1.1</MarketValue>
		</statBases>
		<ingestible>
			<foodType>VegetableOrFruit</foodType>
		</ingestible>
		<comps>
			<li Class="CompProperties_Rottable">
				<daysToRotStart>40</daysToRotStart>
				<rotDestroys>true</rotDestroys>
			</li>
		</comps>
	</ThingDef>
	<ThingDef ParentName="PlantFoodRawBase">
		<defName>VV_SpinachLeaves</defName>
		<label>spinach leaves</label>
		<description>Tender, nutrient-packed leaves that are perfect for salads, soups, or smoothies. Spinach is versatile and easy to cook with.</description>
		<soundInteract>Grain_Drop</soundInteract>
		<soundDrop>Grain_Drop</soundDrop>
		<graphicData>
			<texPath>Things/Items/RawFruitsAndVegetables/VV_SpinachLeaves</texPath>
		</graphicData>
		<statBases>
			<MarketValue>1.1</MarketValue>
		</statBases>
		<ingestible>
			<foodType>VegetableOrFruit</foodType>
		</ingestible>
		<comps>
			<li Class="CompProperties_Rottable">
				<daysToRotStart>15</daysToRotStart>
				<rotDestroys>true</rotDestroys>
			</li>
		</comps>
	</ThingDef>
	<ThingDef ParentName="PlantFoodRawBase">
		<defName>VV_RedCabbages</defName>
		<label>red cabbages</label>
		<description>Rich in antioxidants, these crisp and colorful heads are perfect for salads, pickling, or adding to stews. Red cabbage is both nutritious and versatile.</description>
		<soundInteract>Grain_Drop</soundInteract>
		<soundDrop>Grain_Drop</soundDrop>
		<graphicData>
			<texPath>Things/Items/RawFruitsAndVegetables/VV_RedCabbages</texPath>
		</graphicData>
		<statBases>
			<MarketValue>1.1</MarketValue>
		</statBases>
		<ingestible>
			<foodType>VegetableOrFruit</foodType>
		</ingestible>
		<comps>
			<li Class="CompProperties_Rottable">
				<daysToRotStart>15</daysToRotStart>
				<rotDestroys>true</rotDestroys>
			</li>
		</comps>
	</ThingDef>
	<ThingDef ParentName="PlantFoodRawBase">
		<defName>VV_Artichoke</defName>
		<label>аrtichoke</label>
		<description>The tender, edible buds of the artichoke plant, known for their unique taste. Artichokes are great for steaming, grilling, or adding to dips.</description>
		<soundInteract>Grain_Drop</soundInteract>
		<soundDrop>Grain_Drop</soundDrop>
		<graphicData>
			<texPath>Things/Items/RawFruitsAndVegetables/VV_Artichoke</texPath>
		</graphicData>
		<statBases>
			<MarketValue>1.1</MarketValue>
		</statBases>
		<ingestible>
			<foodType>VegetableOrFruit</foodType>
		</ingestible>
		<comps>
			<li Class="CompProperties_Rottable">
				<daysToRotStart>15</daysToRotStart>
				<rotDestroys>true</rotDestroys>
			</li>
		</comps>
	</ThingDef>
	<ThingDef ParentName="PlantFoodRawBase">
		<defName>VV_Asparagus</defName>
		<label>asparagus</label>
		<description>Tender, green stalks that are packed with vitamins and minerals. Asparagus is great for grilling, steaming, or adding to salads.</description>
		<soundInteract>Grain_Drop</soundInteract>
		<soundDrop>Grain_Drop</soundDrop>
		<graphicData>
			<texPath>Things/Items/RawFruitsAndVegetables/VV_Asparagus</texPath>
		</graphicData>
		<statBases>
			<MarketValue>1.1</MarketValue>
		</statBases>
		<ingestible>
			<foodType>VegetableOrFruit</foodType>
		</ingestible>
		<comps>
			<li Class="CompProperties_Rottable">
				<daysToRotStart>15</daysToRotStart>
				<rotDestroys>true</rotDestroys>
			</li>
		</comps>
	</ThingDef>
</Defs>