<Defs>
	<ThingDef ParentName="RoughPlantBase">
		<defName>VV_AlfalfaHay</defName>
		<label>alfalfa hay</label>
		<description>Dried, nutrient-rich hay made from the alfalfa plant. Alfalfa hay is commonly used as feed for animals, providing essential nutrients.</description>
		<stackLimit>200</stackLimit>
		<graphicData>
			<texPath>Things/Items/Fodder/VV_AlfalfaHay</texPath>
			<graphicClass>Graphic_StackCount</graphicClass>
		</graphicData>
		<statBases>
			<MarketValue>0.6</MarketValue>
			<Mass>0.014</Mass>
			<Flammability>1.5</Flammability>
		</statBases>
		<comps>
			<li Class="CompProperties_Rottable">
				<daysToRotStart>60</daysToRotStart>
				<rotDestroys>true</rotDestroys>
			</li>
		</comps>
		<thingCategories>
			<li>Foods</li>
		</thingCategories>
		<ingestible>
			<optimalityOffsetFeedingAnimals>7</optimalityOffsetFeedingAnimals>
		</ingestible>
		<allowedArchonexusCount>400</allowedArchonexusCount>
	</ThingDef>
	<ThingDef ParentName="RoughPlantBase">
		<defName>VV_CloverHay</defName>
		<label>clover hay</label>
		<description>Dried hay made from clover, rich in nutrients. Clover hay is a popular feed for livestock, especially for cattle and rabbits.</description>
		<stackLimit>200</stackLimit>
		<graphicData>
			<texPath>Things/Items/Fodder/VV_CloverHay</texPath>
			<graphicClass>Graphic_StackCount</graphicClass>
		</graphicData>
		<statBases>
			<MarketValue>0.5</MarketValue>
			<Mass>0.012</Mass>
			<Flammability>1.5</Flammability>
		</statBases>
		<comps>
			<li Class="CompProperties_Rottable">
				<daysToRotStart>60</daysToRotStart>
				<rotDestroys>true</rotDestroys>
			</li>
		</comps>
		<thingCategories>
			<li>Foods</li>
		</thingCategories>
		<ingestible>
			<optimalityOffsetFeedingAnimals>6</optimalityOffsetFeedingAnimals>
		</ingestible>
		<allowedArchonexusCount>400</allowedArchonexusCount>
	</ThingDef>
</Defs>