<Defs>
	<ThingDef ParentName="PlantFoodRawBase">
		<defName>VV_SourCherrys</defName>
		<label>sour cherrys</label>
		<description>Small, tangy fruits with a vibrant red color. Sour cherries are great for cooking, baking, and making preserves.</description>
		<soundInteract>Grain_Drop</soundInteract>
		<soundDrop>Grain_Drop</soundDrop>
		<graphicData>
			<texPath>Things/Items/RawFruitsAndVegetables/VV_SourCherrys</texPath>
		</graphicData>
		<statBases>
			<MarketValue>1.2</MarketValue>
		</statBases>
		<ingestible>
			<foodType>VegetableOrFruit</foodType>
		</ingestible>
		<comps>
			<li Class="CompProperties_Rottable">
				<daysToRotStart>15</daysToRotStart>
				<rotDestroys>true</rotDestroys>
			</li>
		</comps>
	</ThingDef>
	<ThingDef ParentName="PlantFoodRawBase">
		<defName>VV_Apricots</defName>
		<label>apricots</label>
		<description>Soft, golden fruits with a sweet flavor and a hint of tartness. Apricots are great for fresh eating, drying, and making jams.</description>
		<soundInteract>Grain_Drop</soundInteract>
		<soundDrop>Grain_Drop</soundDrop>
		<graphicData>
			<texPath>Things/Items/RawFruitsAndVegetables/VV_Apricots</texPath>
		</graphicData>
		<statBases>
			<MarketValue>1.2</MarketValue>
		</statBases>
		<ingestible>
			<foodType>VegetableOrFruit</foodType>
		</ingestible>
		<comps>
			<li Class="CompProperties_Rottable">
				<daysToRotStart>15</daysToRotStart>
				<rotDestroys>true</rotDestroys>
			</li>
		</comps>
	</ThingDef>
	<ThingDef ParentName="PlantFoodRawBase">
		<defName>VV_Quinces</defName>
		<label>quinces</label>
		<description>Firm, fragrant fruits with a tart taste. Quinces are best used for cooking, making jams, or adding flavor to baked goods.</description>
		<soundInteract>Grain_Drop</soundInteract>
		<soundDrop>Grain_Drop</soundDrop>
		<graphicData>
			<texPath>Things/Items/RawFruitsAndVegetables/VV_Quinces</texPath>
		</graphicData>
		<statBases>
			<MarketValue>1.2</MarketValue>
		</statBases>
		<ingestible>
			<foodType>VegetableOrFruit</foodType>
		</ingestible>
		<comps>
			<li Class="CompProperties_Rottable">
				<daysToRotStart>15</daysToRotStart>
				<rotDestroys>true</rotDestroys>
			</li>
		</comps>
	</ThingDef>
	<ThingDef ParentName="PlantFoodRawBase">
		<defName>VV_Medlars</defName>
		<label>medlars</label>
		<description>Soft, sweet fruits with a rich, spiced flavor when fully ripe. Medlars are often eaten fresh or used in jams and desserts.</description>
		<soundInteract>Grain_Drop</soundInteract>
		<soundDrop>Grain_Drop</soundDrop>
		<graphicData>
			<texPath>Things/Items/RawFruitsAndVegetables/VV_Medlars</texPath>
		</graphicData>
		<statBases>
			<MarketValue>1.2</MarketValue>
		</statBases>
		<ingestible>
			<foodType>VegetableOrFruit</foodType>
		</ingestible>
		<comps>
			<li Class="CompProperties_Rottable">
				<daysToRotStart>15</daysToRotStart>
				<rotDestroys>true</rotDestroys>
			</li>
		</comps>
	</ThingDef>
	<ThingDef ParentName="PlantFoodRawBase">
		<defName>VV_Mulberries</defName>
		<label>mulberries</label>
		<description>Sweet, soft berries that range in color from white to deep purple. Mulberries are great for fresh eating, drying, and making jams.</description>
		<soundInteract>Grain_Drop</soundInteract>
		<soundDrop>Grain_Drop</soundDrop>
		<graphicData>
			<texPath>Things/Items/RawFruitsAndVegetables/VV_Mulberries</texPath>
		</graphicData>
		<statBases>
			<MarketValue>1.2</MarketValue>
		</statBases>
		<ingestible>
			<foodType>VegetableOrFruit</foodType>
		</ingestible>
		<comps>
			<li Class="CompProperties_Rottable">
				<daysToRotStart>15</daysToRotStart>
				<rotDestroys>true</rotDestroys>
			</li>
		</comps>
	</ThingDef>
	<ThingDef ParentName="PlantFoodRawBase">
		<defName>VV_Papayas</defName>
		<label>papayas</label>
		<description>Soft, tropical fruits with sweet, juicy orange flesh and black seeds. Papayas are great for eating fresh, adding to smoothies, or making salads.</description>
		<soundInteract>Grain_Drop</soundInteract>
		<soundDrop>Grain_Drop</soundDrop>
		<graphicData>
			<texPath>Things/Items/RawFruitsAndVegetables/VV_Papayas</texPath>
		</graphicData>
		<statBases>
			<MarketValue>1.2</MarketValue>
		</statBases>
		<ingestible>
			<foodType>VegetableOrFruit</foodType>
		</ingestible>
		<comps>
			<li Class="CompProperties_Rottable">
				<daysToRotStart>15</daysToRotStart>
				<rotDestroys>true</rotDestroys>
			</li>
		</comps>
	</ThingDef>
	<ThingDef ParentName="PlantFoodRawBase">
		<defName>VV_Grapefruits</defName>
		<label>grapefruits</label>
		<description>Large, juicy citrus fruits with a tangy and slightly bitter flavor. Grapefruits are perfect for juicing, salads, or eating fresh.</description>
		<soundInteract>Grain_Drop</soundInteract>
		<soundDrop>Grain_Drop</soundDrop>
		<graphicData>
			<texPath>Things/Items/RawFruitsAndVegetables/VV_Grapefruits</texPath>
		</graphicData>
		<statBases>
			<MarketValue>1.2</MarketValue>
		</statBases>
		<ingestible>
			<foodType>VegetableOrFruit</foodType>
		</ingestible>
		<comps>
			<li Class="CompProperties_Rottable">
				<daysToRotStart>15</daysToRotStart>
				<rotDestroys>true</rotDestroys>
			</li>
		</comps>
	</ThingDef>
	<ThingDef ParentName="PlantFoodRawBase">
		<defName>VV_Pomegranates</defName>
		<label>pomegranates</label>
		<description>Fruits with a tough skin and numerous juicy, tangy seeds inside. Pomegranates are great for juicing, adding to salads, or eating fresh.</description>
		<soundInteract>Grain_Drop</soundInteract>
		<soundDrop>Grain_Drop</soundDrop>
		<graphicData>
			<texPath>Things/Items/RawFruitsAndVegetables/VV_Pomegranates</texPath>
		</graphicData>
		<statBases>
			<MarketValue>1.2</MarketValue>
		</statBases>
		<ingestible>
			<foodType>VegetableOrFruit</foodType>
		</ingestible>
		<comps>
			<li Class="CompProperties_Rottable">
				<daysToRotStart>15</daysToRotStart>
				<rotDestroys>true</rotDestroys>
			</li>
		</comps>
	</ThingDef>
	<ThingDef ParentName="PlantFoodRawBase">
		<defName>VV_Durians</defName>
		<label>durians</label>
		<description>Large, spiky fruits with a creamy, sweet flesh and a strong odor. Durian is often called the "king of fruits" and is enjoyed fresh or in various dishes.</description>
		<soundInteract>Grain_Drop</soundInteract>
		<soundDrop>Grain_Drop</soundDrop>
		<graphicData>
			<texPath>Things/Items/RawFruitsAndVegetables/VV_Durians</texPath>
		</graphicData>
		<statBases>
			<MarketValue>2.2</MarketValue>
		</statBases>
		<ingestible>
			<foodType>VegetableOrFruit</foodType>
		</ingestible>
		<comps>
			<li Class="CompProperties_Rottable">
				<daysToRotStart>15</daysToRotStart>
				<rotDestroys>true</rotDestroys>
			</li>
		</comps>
	</ThingDef>
	<ThingDef ParentName="PlantFoodRawBase">
		<defName>VV_Walnuts</defName>
		<label>walnuts</label>
		<description>Rich, edible nuts with a firm, wrinkled shell and a soft, flavorful inner kernel. Walnuts are great for snacking, baking, and adding to salads.</description>
		<soundInteract>Grain_Drop</soundInteract>
		<soundDrop>Grain_Drop</soundDrop>
		<graphicData>
			<texPath>Things/Items/RawFruitsAndVegetables/VV_Walnuts</texPath>
		</graphicData>
		<statBases>
			<MarketValue>1.2</MarketValue>
		</statBases>
		<ingestible>
			<foodType>VegetableOrFruit</foodType>
		</ingestible>
		<comps>
			<li Class="CompProperties_Rottable">
				<daysToRotStart>30</daysToRotStart>
				<rotDestroys>true</rotDestroys>
			</li>
		</comps>
	</ThingDef>
	<ThingDef ParentName="PlantFoodRawBase">
		<defName>VV_Hazelnuts</defName>
		<label>hazelnuts</label>
		<description>Small, round nuts with a sweet flavor and a crunchy texture. Hazelnuts are often used in baking, confections, or eaten raw.</description>
		<soundInteract>Grain_Drop</soundInteract>
		<soundDrop>Grain_Drop</soundDrop>
		<graphicData>
			<texPath>Things/Items/RawFruitsAndVegetables/VV_Hazelnuts</texPath>
		</graphicData>
		<statBases>
			<MarketValue>1.5</MarketValue>
		</statBases>
		<ingestible>
			<foodType>VegetableOrFruit</foodType>
		</ingestible>
		<comps>
			<li Class="CompProperties_Rottable">
				<daysToRotStart>30</daysToRotStart>
				<rotDestroys>true</rotDestroys>
			</li>
		</comps>
	</ThingDef>
	<ThingDef ParentName="PlantFoodRawBase">
		<defName>VV_Blackcurrants</defName>
		<label>blackcurrants</label>
		<description>Small, tangy berries with a deep purple color. Blackcurrants are rich in vitamins and are often used for juices, jams, or added to desserts.</description>
		<soundInteract>Grain_Drop</soundInteract>
		<soundDrop>Grain_Drop</soundDrop>
		<graphicData>
			<texPath>Things/Items/RawFruitsAndVegetables/VV_Blackcurrants</texPath>
		</graphicData>
		<statBases>
			<MarketValue>1.2</MarketValue>
		</statBases>
		<ingestible>
			<foodType>VegetableOrFruit</foodType>
		</ingestible>
		<comps>
			<li Class="CompProperties_Rottable">
				<daysToRotStart>15</daysToRotStart>
				<rotDestroys>true</rotDestroys>
			</li>
		</comps>
	</ThingDef>
	<ThingDef ParentName="PlantFoodRawBase">
		<defName>VV_Rosehips</defName>
		<label>rosehips</label>
		<description>Small, red fruits with a tart flavor. Rosehips are often used in teas, jams, or as a natural remedy for various ailments.</description>
		<soundInteract>Grain_Drop</soundInteract>
		<soundDrop>Grain_Drop</soundDrop>
		<graphicData>
			<texPath>Things/Items/RawFruitsAndVegetables/VV_Rosehips</texPath>
		</graphicData>
		<statBases>
			<MarketValue>1.2</MarketValue>
		</statBases>
		<ingestible>
			<foodType>VegetableOrFruit</foodType>
		</ingestible>
		<comps>
			<li Class="CompProperties_Rottable">
				<daysToRotStart>20</daysToRotStart>
				<rotDestroys>true</rotDestroys>
			</li>
		</comps>
	</ThingDef>
	<ThingDef ParentName="PlantFoodRawBase">
		<defName>VV_Blackberries</defName>
		<label>blackberries</label>
		<description>Sweet, juicy berries with a deep purple-black color. Blackberries are perfect for eating fresh, making jams, or adding to desserts.</description>
		<soundInteract>Grain_Drop</soundInteract>
		<soundDrop>Grain_Drop</soundDrop>
		<graphicData>
			<texPath>Things/Items/RawFruitsAndVegetables/VV_Blackberries</texPath>
		</graphicData>
		<statBases>
			<MarketValue>1.2</MarketValue>
		</statBases>
		<ingestible>
			<foodType>VegetableOrFruit</foodType>
		</ingestible>
		<comps>
			<li Class="CompProperties_Rottable">
				<daysToRotStart>15</daysToRotStart>
				<rotDestroys>true</rotDestroys>
			</li>
		</comps>
	</ThingDef>
</Defs>