<Defs>
	<ThingDef ParentName="ResourceBase">
		<defName>VV_RawJute</defName>
		<label>raw jute</label>
		<description>Natural, coarse fibers extracted from the jute plant. Raw jute is used to make fabric, ropes, and sacks due to its durability.</description>
		<graphicData>
			<texPath>Things/Items/Resource/VV_RawJute</texPath>
			<graphicClass>Graphic_StackCount</graphicClass>
			<color>(196,164,132)</color>
		</graphicData>
		<statBases>
			<StuffPower_Armor_Sharp>0.05</StuffPower_Armor_Sharp>
			<StuffPower_Armor_Blunt>0.01</StuffPower_Armor_Blunt>
			<StuffPower_Armor_Heat>0.01</StuffPower_Armor_Heat>
			<StuffPower_Insulation_Cold>15</StuffPower_Insulation_Cold>
			<StuffPower_Insulation_Heat>10</StuffPower_Insulation_Heat>
			<MaxHitPoints>80</MaxHitPoints>
			<MarketValue>1.3</MarketValue>
			<Mass>0.026</Mass>
			<Flammability>1.2</Flammability>
			<DeteriorationRate>4</DeteriorationRate>
		</statBases>
		<burnableByRecipe>true</burnableByRecipe>
		<healthAffectsPrice>false</healthAffectsPrice>
		<minRewardCount>30</minRewardCount>
		<stuffProps>
			<statFactors>
				<Flammability>1.2</Flammability>
				<Beauty>1</Beauty>
			</statFactors>
			<categories>
				<li>Fabric</li>
			</categories>
			<color>(196,164,132)</color>
			<commonality>1.0</commonality>
			<allowColorGenerators>true</allowColorGenerators>
			<canSuggestUseDefaultStuff>true</canSuggestUseDefaultStuff>
		</stuffProps>
		<thingCategories>
			<li>Textiles</li>
		</thingCategories>
		<comps>
			<li>
				<compClass>CompColorable</compClass>
			</li>
		</comps>
		<allowedArchonexusCount>50</allowedArchonexusCount>
	</ThingDef>
	<ThingDef ParentName="ResourceBase">
		<defName>VV_RamieFibers</defName>
		<label>ramie fibers</label>
		<description>Long, lustrous fibers extracted from the ramie plant. These fibers are resistant to mildew and commonly used in fabric and rope production.</description>
		<graphicData>
			<texPath>Things/Items/Resource/VV_RamieFibers</texPath>
			<graphicClass>Graphic_StackCount</graphicClass>
			<color>(200,187,175)</color>
		</graphicData>
		<statBases>
			<StuffPower_Armor_Sharp>0.01</StuffPower_Armor_Sharp>
			<StuffPower_Armor_Blunt>0.02</StuffPower_Armor_Blunt>
			<StuffPower_Armor_Heat>0.02</StuffPower_Armor_Heat>
			<StuffPower_Insulation_Cold>20</StuffPower_Insulation_Cold>
			<StuffPower_Insulation_Heat>15</StuffPower_Insulation_Heat>
			<MaxHitPoints>70</MaxHitPoints>
			<MarketValue>1.4</MarketValue>
			<Mass>0.026</Mass>
			<Flammability>1.2</Flammability>
			<DeteriorationRate>4</DeteriorationRate>
		</statBases>
		<burnableByRecipe>true</burnableByRecipe>
		<healthAffectsPrice>false</healthAffectsPrice>
		<minRewardCount>30</minRewardCount>
		<stuffProps>
			<statFactors>
				<Flammability>1.2</Flammability>
				<Beauty>1</Beauty>
			</statFactors>
			<categories>
				<li>Fabric</li>
			</categories>
			<color>(200,187,175)</color>
			<commonality>1.0</commonality>
			<allowColorGenerators>true</allowColorGenerators>
			<canSuggestUseDefaultStuff>true</canSuggestUseDefaultStuff>
		</stuffProps>
		<thingCategories>
			<li>Textiles</li>
		</thingCategories>
		<comps>
			<li>
				<compClass>CompColorable</compClass>
			</li>
		</comps>
		<allowedArchonexusCount>60</allowedArchonexusCount>
	</ThingDef>
	<ThingDef ParentName="ResourceBase">
		<defName>VV_Cork</defName>
		<label>cork</label>
		<description>Lightweight, flexible bark harvested from the cork tree.  Its unique properties make it useful for construction, crafting weapons, and making tools.</description>
		<graphicData>
			<texPath>Things/Items/Resource/VV_Cork</texPath>
			<graphicClass>Graphic_StackCount</graphicClass>
		</graphicData>
		<equippedAngleOffset>-20</equippedAngleOffset>
		<soundInteract>Wood_Drop</soundInteract>
		<soundDrop>Wood_Drop</soundDrop>
		<statBases>
			<MarketValue>1.0</MarketValue>
			<MaxHitPoints>120</MaxHitPoints>
			<Mass>0.2</Mass>
			<Flammability>0.2</Flammability>
			<DeteriorationRate>0.3</DeteriorationRate>
			<StuffPower_Armor_Sharp>0.2</StuffPower_Armor_Sharp>
			<StuffPower_Armor_Blunt>0.3</StuffPower_Armor_Blunt>
			<StuffPower_Armor_Heat>0.6</StuffPower_Armor_Heat>
			<StuffPower_Insulation_Cold>16</StuffPower_Insulation_Cold>
			<StuffPower_Insulation_Heat>12</StuffPower_Insulation_Heat>
			<SharpDamageMultiplier>0.3</SharpDamageMultiplier>
			<BluntDamageMultiplier>0.8</BluntDamageMultiplier>
		</statBases>
		<burnableByRecipe>false</burnableByRecipe>
		<healthAffectsPrice>false</healthAffectsPrice>
		<minRewardCount>10</minRewardCount>
		<stuffProps>
			<stuffAdjective>cork</stuffAdjective>
			<categories>
				<li>Woody</li>
			</categories>
			<commonality>1.00</commonality>
			<color>(190,140,80)</color>
			<constructEffect>ConstructWood</constructEffect>
			<appearance>Planks</appearance>
			<soundImpactBullet>BulletImpact_Wood</soundImpactBullet>
			<soundMeleeHitSharp>MeleeHit_Wood</soundMeleeHitSharp>
			<soundMeleeHitBlunt>MeleeHit_Wood</soundMeleeHitBlunt>
			<soundImpactMelee>Pawn_Melee_Punch_HitBuilding_Wood</soundImpactMelee>
			<statFactors>
				<MaxHitPoints>0.55</MaxHitPoints>
				<Beauty>1</Beauty>
				<Flammability>0.2</Flammability>
				<WorkToMake>0.6</WorkToMake>
				<WorkToBuild>0.6</WorkToBuild>
				<DoorOpenSpeed>1.3</DoorOpenSpeed>
			</statFactors>
			<canSuggestUseDefaultStuff>true</canSuggestUseDefaultStuff>
		</stuffProps>
		<isTechHediff>true</isTechHediff>
		<thingCategories>
			<li>ResourcesRaw</li>
		</thingCategories>
		<techHediffsTags>
			<li>Poor</li>
		</techHediffsTags>
		<weaponClasses>
			<li>Melee</li>
			<li>MeleeBlunt</li>
			<li>Neolithic</li>
		</weaponClasses>
		<tools>
			<li>
				<label>cork club</label>
				<capacities>
					<li>Blunt</li>
				</capacities>
				<power>4</power>
				<cooldownTime>1.1</cooldownTime>
			</li>
		</tools>
		<terrainAffordanceNeeded>Light</terrainAffordanceNeeded>
		<allowedArchonexusCount>150</allowedArchonexusCount>
	</ThingDef>
</Defs>