<Patch>
	<Operation Class="PatchOperationFindMod">
		<mods>
			<li>Biomes! Islands</li>
		</mods>
		<match Class="PatchOperationSequence">
			<success>Always</success>
			<operations>
				<li Class="PatchOperationAdd">
					<success>Always</success>
					<xpath>/Defs/BiomeDef[defName = "BiomesIslands_TemperateIslandBase"]/wildPlants</xpath>
					<value>
						<VV_SourCherryTree>0.005</VV_SourCherryTree>
						<VV_ApricotTree>0.005</VV_ApricotTree>
						<VV_QuinceTree>0.005</VV_QuinceTree>
						<VV_WalnutTree>0.005</VV_WalnutTree>
						<VV_HazelnutTree>0.005</VV_HazelnutTree>
						<VV_MulberryTree>0.005</VV_MulberryTree>
						<VV_BlackcurrantBush>0.01</VV_BlackcurrantBush>
						<VV_RosehipBush>0.01</VV_RosehipBush>
						<VV_BlackberryBush>0.01</VV_BlackberryBush>
					</value>
				</li>
				<li Class="PatchOperationAdd">
					<success>Always</success>
					<xpath>/Defs/BiomeDef[defName = "BiomesIslands_BorealIsland"]/wildPlants</xpath>
					<value>
						<VV_WalnutTree>0.01</VV_WalnutTree>
						<VV_HazelnutTree>0.01</VV_HazelnutTree>
						<VV_BlackcurrantBush>0.05</VV_BlackcurrantBush>
						<VV_RosehipBush>0.05</VV_RosehipBush>
					</value>
				</li>
				<li Class="PatchOperationAdd">
					<success>Always</success>
					<xpath>/Defs/BiomeDef[defName = "BiomesIslands_DesertIslandBase"]/wildPlants</xpath>
					<value>
						<VV_PomegranateTree>0.01</VV_PomegranateTree>
						<VV_ApricotTree>0.01</VV_ApricotTree>
					</value>
				</li>
				<li Class="PatchOperationAdd">
					<success>Always</success>
					<xpath>/Defs/BiomeDef[defName = "BiomesIslands_TropicalIslandBase"]/wildPlants</xpath>
					<value>
						<VV_PapayaTree>0.01</VV_PapayaTree>
						<VV_GrapefruitTree>0.01</VV_GrapefruitTree>
						<VV_DurianTree>0.01</VV_DurianTree>
						<VV_CorkTree>0.01</VV_CorkTree>
					</value>
				</li>
				<li Class="PatchOperationAdd">
					<success>Always</success>
					<xpath>/Defs/BiomeDef[defName = "BiomesIslands_Atoll"]/wildPlants</xpath>
					<value>
						<VV_PapayaTree>0.005</VV_PapayaTree>
						<VV_GrapefruitTree>0.005</VV_GrapefruitTree>
						<VV_DurianTree>0.005</VV_DurianTree>
						<VV_CorkTree>0.005</VV_CorkTree>
					</value>
				</li>
			</operations>
		</match>
	</Operation>
</Patch>