<Patch>
	<Operation Class="PatchOperationFindMod">
		<mods>
			<li>Biomes! Oasis</li>
		</mods>
		<match Class="PatchOperationSequence">
			<success>Always</success>
			<operations>
				<li Class="PatchOperationAdd">
					<success>Always</success>
					<xpath>/Defs/BiomeDef[defName = "BMT_ChromaticOasis"]/wildPlants</xpath>
					<value>
						<VV_PapayaTree>0.01</VV_PapayaTree>
						<VV_GrapefruitTree>0.01</VV_GrapefruitTree>
						<VV_PomegranateTree>0.01</VV_PomegranateTree>
						<VV_ApricotTree>0.01</VV_ApricotTree>
					</value>
				</li>
			</operations>
		</match>
	</Operation>
</Patch>