<Patch>
	<Operation Class="PatchOperationFindMod">
		<mods>
			<li>More Vanilla Biomes</li>
		</mods>
		<match Class="PatchOperationSequence">
			<success>Always</success>
			<operations>
				<li Class="PatchOperationAdd">
					<success>Always</success>
					<xpath>/Defs/BiomeDef[defName = "ZBiome_GlacialShield"]/wildPlants</xpath>
					<value>
						<VV_MulberryTree>0.01</VV_MulberryTree>
						<VV_BlackberryBush>0.01</VV_BlackberryBush>
					</value>
				</li>
				<li Class="PatchOperationAdd">
					<success>Always</success>
					<xpath>/Defs/BiomeDef[defName = "ZBiome_Badlands"]/wildPlants</xpath>
					<value>
						<VV_QuinceTree>0.01</VV_QuinceTree>
						<VV_PomegranateTree>0.01</VV_PomegranateTree>
					</value>
				</li>
				<li Class="PatchOperationAdd">
					<success>Always</success>
					<xpath>/Defs/BiomeDef[defName = "ZBiome_CloudForest"]/wildPlants</xpath>
					<value>
						<VV_PapayaTree>0.01</VV_PapayaTree>
						<VV_GrapefruitTree>0.01</VV_GrapefruitTree>
					</value>
				</li>
				<li Class="PatchOperationAdd">
					<success>Always</success>
					<xpath>/Defs/BiomeDef[defName = "ZBiome_Marsh"]/wildPlants</xpath>
					<value>
						<VV_BlackcurrantBush>0.01</VV_BlackcurrantBush>
						<VV_RosehipBush>0.01</VV_RosehipBush>
					</value>
				</li>
				<li Class="PatchOperationAdd">
					<success>Always</success>
					<xpath>/Defs/BiomeDef[defName = "ZBiome_Grasslands"]/wildPlants</xpath>
					<value>
						<VV_WalnutTree>0.01</VV_WalnutTree>
						<VV_HazelnutTree>0.01</VV_HazelnutTree>
					</value>
				</li>
				<li Class="PatchOperationAdd">
					<success>Always</success>
					<xpath>/Defs/BiomeDef[defName = "ZBiome_CoastalDunes"]/wildPlants</xpath>
					<value>
						<VV_CorkTree>0.01</VV_CorkTree>
						<VV_ApricotTree>0.01</VV_ApricotTree>
					</value>
				</li>
				<li Class="PatchOperationAdd">
					<success>Always</success>
					<xpath>/Defs/BiomeDef[defName = "ZBiome_AlpineMeadow"]/wildPlants</xpath>
					<value>
						<VV_SourCherryTree>0.01</VV_SourCherryTree>
						<VV_MulberryTree>0.01</VV_MulberryTree>
					</value>
				</li>
				<li Class="PatchOperationAdd">
					<success>Always</success>
					<xpath>/Defs/BiomeDef[defName = "ZBiome_DesertOasis"]/wildPlants</xpath>
					<value>
						<VV_PomegranateTree>0.01</VV_PomegranateTree>
						<VV_ApricotTree>0.01</VV_ApricotTree>
					</value>
				</li>
			</operations>
		</match>
	</Operation>
</Patch>