<Patch>
	<Operation Class="PatchOperationAdd">
		<xpath>/Defs/BiomeDef[defName = "TemperateForest"]/wildPlants</xpath>
		<value>
			<VV_SourCherryTree>0.005</VV_SourCherryTree>
			<VV_ApricotTree>0.005</VV_ApricotTree>
			<VV_QuinceTree>0.005</VV_QuinceTree>
			<VV_WalnutTree>0.005</VV_WalnutTree>
			<VV_HazelnutTree>0.005</VV_HazelnutTree>
			<VV_MulberryTree>0.005</VV_MulberryTree>
			<VV_BlackcurrantBush>0.01</VV_BlackcurrantBush>
			<VV_RosehipBush>0.01</VV_RosehipBush>
			<VV_BlackberryBush>0.01</VV_BlackberryBush>
		</value>
	</Operation>
	<Operation Class="PatchOperationAdd">
		<xpath>/Defs/BiomeDef[defName = "TemperateSwamp"]/wildPlants</xpath>
		<value>
			<VV_MedlarTree>0.01</VV_MedlarTree>
			<VV_BlackberryBush>0.05</VV_BlackberryBush>
		</value>
	</Operation>
	<Operation Class="PatchOperationAdd">
		<xpath>/Defs/BiomeDef[defName = "TropicalRainforest"]/wildPlants</xpath>
		<value>
			<VV_PapayaTree>0.01</VV_PapayaTree>
			<VV_GrapefruitTree>0.01</VV_GrapefruitTree>
			<VV_DurianTree>0.01</VV_DurianTree>
			<VV_CorkTree>0.01</VV_CorkTree>
		</value>
	</Operation>
	<Operation Class="PatchOperationAdd">
		<xpath>/Defs/BiomeDef[defName = "TropicalSwamp"]/wildPlants</xpath>
		<value>
			<VV_PapayaTree>0.01</VV_PapayaTree>
			<VV_DurianTree>0.01</VV_DurianTree>
		</value>
	</Operation>
	<Operation Class="PatchOperationAdd">
		<xpath>/Defs/BiomeDef[defName = "AridShrubland"]/wildPlants</xpath>
		<value>
			<VV_ApricotTree>0.01</VV_ApricotTree>
			<VV_PomegranateTree>0.01</VV_PomegranateTree>
			<VV_MulberryTree>0.01</VV_MulberryTree>
			<VV_CorkTree>0.01</VV_CorkTree>
			<VV_RosehipBush>0.05</VV_RosehipBush>
		</value>
	</Operation>
	<Operation Class="PatchOperationAdd">
		<xpath>/Defs/BiomeDef[defName = "Desert"]/wildPlants</xpath>
		<value>
			<VV_PomegranateTree>0.01</VV_PomegranateTree>
			<VV_ApricotTree>0.01</VV_ApricotTree>
		</value>
	</Operation>
	<Operation Class="PatchOperationAdd">
		<xpath>/Defs/BiomeDef[defName = "BorealForest"]/wildPlants</xpath>
		<value>
			<VV_WalnutTree>0.01</VV_WalnutTree>
			<VV_HazelnutTree>0.01</VV_HazelnutTree>
			<VV_BlackcurrantBush>0.05</VV_BlackcurrantBush>
			<VV_RosehipBush>0.05</VV_RosehipBush>
		</value>
	</Operation>
	<Operation Class="PatchOperationAdd">
		<xpath>/Defs/BiomeDef[defName = "ColdBog"]/wildPlants</xpath>
		<value>
			<VV_MedlarTree>0.01</VV_MedlarTree>
		</value>
	</Operation>
</Patch>